bacteria;phage;rank;probability;genus
GCF_000008865.2_ASM886v2_genomic;55989_P2;1;0.4644690227064266;Dhakavirus
GCF_000008865.2_ASM886v2_genomic;536_P9;2;0.45592087360782163;Justusliebigvirus
GCF_000008865.2_ASM886v2_genomic;LF73_P4;3;0.43353544202582445;Krischvirus
GCF_000005845.2_ASM584v2_genomic;LF73_P4;1;0.5310434016977597;Krischvirus
GCF_000005845.2_ASM584v2_genomic;NIC06_P2;2;0.4766593363042261;Tequatrovirus
GCF_000005845.2_ASM584v2_genomic;55989_P2;3;0.4688510141968531;Dhakavirus
